Temperature,Humidity,WindSpeed,Pressure,Weather
8.727005942,26.6619636,13.08528419,1017.270299,Rainy
37.53571532,58.77108526,12.34893995,1029.66814,Sunny
26.59969709,88.56512523,45.31272903,975.0467899,Sunny
19.93292421,75.90023978,12.47730999,1012.48741,Cloudy
-2.199067978,82.59050331,13.59748631,1007.174598,Cloudy
-2.200273983,69.290503,37.96991312,1033.283038,Sunny
-7.095819392,72.30489081,22.48699212,1040.608706,Sunny
33.30880729,86.42760864,38.83552785,951.2156771,Rainy
20.05575059,32.4701208,3.268307878,1017.401992,Cloudy
25.40362889,54.04824673,24.37855968,955.1835799,Rainy
-8.970775285,29.90884976,1.680680009,1004.885867,Rainy
38.49549261,98.89012072,3.132660173,978.7632729,Rainy
31.62213204,94.96534057,45.32187267,980.67766,Sunny
0.616955534,13.54841302,6.962268556,985.2958503,Rainy
-0.90875164,73.50176553,26.62103411,1012.129245,Rainy
-0.829774507,93.27234857,20.55478013,983.4049966,Sunny
5.212112148,26.25178106,17.36716631,1023.269905,Cloudy
16.23782158,61.11507075,44.99166728,990.4527386,Cloudy
11.59725093,92.39394678,1.091169839,956.83532,Rainy
4.56145701,13.05513807,33.18948431,1028.375984,Sunny
20.59264474,72.76782405,48.16972171,978.5758325,Cloudy
-3.025306967,36.76141066,28.00840917,993.276688,Rainy
4.607232427,93.19565758,46.8411231,1018.544388,Rainy
8.318092165,97.39524206,2.612893964,983.2456157,Sunny
12.80349921,94.98398402,20.93966595,955.6585656,Rainy
29.25879807,52.6792795,13.00788955,987.3921047,Cloudy
-0.016310892,87.58383859,36.54104825,1044.444858,Sunny
15.71172192,86.00944587,49.06485452,1014.17344,Cloudy
19.62072844,38.71904259,12.82650312,1017.147915,Cloudy
-7.677479364,84.60239267,32.70873007,1013.228215,Cloudy
20.3772426,13.33068712,9.904881638,969.8992139,Rainy
-1.473793816,63.66428906,28.26651273,991.8333864,Rainy
-6.747420351,30.70079536,23.19662433,1025.09398,Cloudy
37.44427686,20.85101972,48.60026648,960.1372898,Cloudy
38.28160165,16.92578815,30.42636363,977.7852776,Sunny
30.41986741,72.66598983,17.4753186,977.6319108,Sunny
5.230688459,40.58874674,5.704789244,993.2018928,Rainy
-5.1163943,75.22900944,7.562341437,1048.036874,Rainy
24.21165133,15.88207067,11.2658465,956.7502547,Sunny
12.00762469,38.3761304,12.54833307,1001.870099,Cloudy
-3.898088258,58.55421631,42.53080289,967.9364682,Rainy
14.75884551,81.16508484,28.06113941,1047.067655,Cloudy
-8.280573944,38.68772526,26.16954557,961.3303505,Sunny
35.4660201,66.33022388,5.738443593,990.3601002,Rainy
2.93899908,89.73799734,43.00698467,1023.788498,Rainy
23.12611422,65.42768694,36.14071516,1020.455443,Sunny
5.585553804,30.96635273,3.383418095,992.2728637,Rainy
16.00340106,12.19607034,35.39175486,984.6524168,Sunny
17.33551397,88.30889865,27.17691087,989.7612379,Rainy
-0.757277224,11.91424698,4.086267287,976.4276263,Sunny
38.47923139,88.72315054,22.91503208,970.5332939,Rainy
28.75664117,57.60434206,24.23481436,998.3039698,Cloudy
36.97494708,94.51609287,8.288727008,976.8533756,Cloudy
34.74136752,81.89049122,47.28490735,978.7461665,Cloudy
19.89499894,99.81406995,42.49876857,1015.675606,Rainy
36.09371175,41.56406339,33.45111687,1046.853733,Rainy
-5.575374897,79.046946,23.11477805,1010.36372,Cloudy
-0.200856879,46.17378222,20.58827708,957.6979467,Cloudy
-7.738635554,53.18880583,32.54867336,957.5583614,Sunny
6.266516538,66.47549169,27.27159347,1045.142322,Sunny
9.433864484,88.63094028,3.113655294,979.729079,Sunny
3.567451589,98.56751223,25.62513244,959.2066986,Cloudy
31.43687546,79.14460725,40.32018086,1009.904459,Cloudy
7.837666335,47.5990104,22.96199388,1012.364878,Cloudy
4.046725484,47.9221302,2.597828878,1014.850482,Sunny
17.13480416,76.38240714,39.31390997,976.7402028,Rainy
-2.953788751,31.48994312,10.06818911,951.5110684,Cloudy
30.10984904,19.94267018,12.93104174,1046.501537,Rainy
-6.272467816,41.91599419,8.235317672,975.0893046,Rainy
39.34434683,35.85150925,16.51075324,1017.602629,Rainy
28.61223846,36.66773084,37.83757528,1020.662987,Sunny
-0.064215923,31.02469759,25.96929298,1011.000742,Rainy
-9.723894144,13.78838707,10.24406371,981.2907394,Cloudy
30.77307142,11.60865413,43.89150391,977.1096254,Sunny
25.34286719,98.89501508,43.97909275,1009.766828,Cloudy
26.4503584,48.49958204,43.52892125,1036.609563,Cloudy
28.56351733,44.58939824,11.93981057,1044.673373,Sunny
-6.297767413,71.16825544,22.56196721,960.5905804,Cloudy
7.923286427,29.64284991,49.24948281,965.4828613,Cloudy
-4.206547024,95.49650656,38.60062382,1044.473626,Sunny
33.15517129,80.7710513,1.358371061,1023.653523,Cloudy
21.16490634,18.04699021,3.260229563,1038.299382,Rainy
6.544901243,47.58226982,23.19656884,970.2632634,Cloudy
-6.822082486,89.12064768,45.46101029,1008.758587,Rainy
5.549116086,95.02588201,26.9350899,1020.113959,Cloudy
6.259166101,52.06613601,24.8906254,1018.011189,Sunny
26.48030892,65.20702503,5.273684998,990.8151691,Sunny
21.87787357,25.03305515,32.83900524,951.5394892,Cloudy
34.36063713,99.20517635,41.10515803,1008.292606,Sunny
13.61074626,30.85045312,19.02100038,975.3101539,Cloudy
-4.020287703,94.84585967,38.78059255,995.0254246,Sunny
25.66223936,68.46819841,48.2238327,1045.758102,Rainy
28.03925243,64.69631154,10.18832296,989.9035318,Cloudy
18.06385988,56.14196599,26.16648156,1033.980161,Rainy
28.548359,30.76028305,14.3568979,968.8540606,Rainy
14.68977982,25.88752288,39.64272095,1017.24605,Cloudy
16.13664147,29.84375882,28.87966829,1047.700695,Rainy
11.37705092,26.77944359,31.72912088,960.1893101,Cloudy
-8.729043663,80.16260262,39.89570798,950.8319942,Rainy
-4.60542865,41.51127333,19.79852363,993.3582793,Cloudy
-8.428540716,15.20584089,45.75450342,959.2625483,Cloudy
21.82052056,97.21923671,26.65144336,1024.838435,Sunny
5.717799054,89.54072965,7.897741142,1041.454866,Cloudy
15.42853456,93.49770549,34.79495591,993.4020973,Cloudy
35.3783237,99.54170404,39.66306752,975.8711642,Rainy
2.464611457,25.65057243,15.83808385,993.4403319,Cloudy
10.51914615,45.6617817,42.85896285,1022.344782,Sunny
27.77755693,78.24146281,45.30716274,950.9054162,Rainy
1.439908275,72.64185562,13.84522437,1008.945399,Rainy
-6.151004509,23.85063157,49.17607364,1011.329168,Sunny
4.487572646,83.42498125,7.035576402,1013.768825,Rainy
-1.938935637,30.19965147,10.10078342,974.202208,Rainy
36.48488262,30.14358533,9.211241962,1021.405272,Rainy
30.40601898,58.32769806,44.6994855,959.1391486,Rainy
21.67018783,63.36459414,32.71462762,969.9270336,Sunny
33.57302951,62.20775871,7.605214161,1037.747005,Sunny
30.18360384,18.23381537,22.01617092,1023.872315,Rainy
-0.671497056,88.97147764,30.76490125,951.3745554,Rainy
34.62794992,33.90400383,4.173204249,974.837626,Sunny
16.9671121,21.65634292,44.12081842,971.4406483,Sunny
30.37200776,89.98732719,40.18017677,977.0806328,Sunny
34.804565,96.00863484,25.26033868,974.755977,Rainy
5.900173749,87.59148555,48.35633076,956.2526296,Rainy
-4.497403774,82.85644673,20.88804896,995.8940517,Cloudy
1.396758127,68.97177826,49.20551595,1023.273347,Sunny
11.35538943,59.57716335,33.39599994,1010.673172,Rainy
30.9007383,17.82880839,31.73356366,1017.287167,Sunny
33.03652916,46.76078918,8.297744765,958.1149179,Rainy
-9.652393473,43.54196653,44.09638792,1045.149071,Sunny
15.53736513,33.37784054,21.3744844,1033.849183,Rainy
10.87055016,75.10781023,8.111670289,1030.509032,Cloudy
1.105390524,54.62881616,0.630375999,1032.298381,Cloudy
-4.006731633,17.29415943,27.98778418,1043.271051,Sunny
6.88075857,29.81648818,26.36998111,1004.425397,Rainy
37.1454852,71.49328873,35.96768112,970.0282018,Rainy
6.160146601,16.85177735,44.51290265,1011.678361,Sunny
15.93953109,86.60862226,3.970329232,1024.288149,Rainy
25.15094794,54.56318743,36.57482452,1023.791739,Sunny
8.181480119,53.25279196,9.370597205,1002.144902,Rainy
38.58910414,63.31670062,42.90885266,956.8458719,Sunny
38.12236475,84.22128693,40.95317569,987.1112938,Rainy
2.589114791,41.30282871,27.03968775,1042.076661,Sunny
14.86242529,71.02145373,35.51213993,1008.444891,Rainy
5.043915491,60.91587676,15.71750566,1003.833194,Cloudy
4.242024719,34.03254432,23.55839495,976.8853514,Rainy
-8.155652632,89.07669877,41.08184489,986.844892,Sunny
20.4782167,81.76834194,22.96325986,1039.534609,Cloudy
15.13395116,69.26066512,17.88991327,1016.646305,Rainy
-7.426062438,86.55235562,24.71062236,1028.738703,Cloudy
3.932323212,88.05647809,41.41246262,995.4345423,Rainy
35.4132943,73.7526679,16.76040237,1013.024722,Cloudy
1.978094533,85.33119955,8.688079657,974.8383609,Sunny
-2.755256395,72.77243155,35.60070102,1020.546083,Rainy
14.47263801,71.21266946,41.29891064,992.7601334,Rainy
39.28252271,65.67502404,5.031873926,994.2545515,Sunny
2.102763576,77.74449756,11.99370564,1014.932232,Cloudy
23.60677737,24.27445948,7.098599488,1043.628062,Sunny
28.08098077,89.27836833,17.39707058,956.4006347,Sunny
1.8818772,88.4659175,22.51754895,1032.474324,Cloudy
26.41081743,12.63225547,37.44131685,979.238311,Sunny
8.389156636,84.32350755,32.55737924,994.3919455,Rainy
21.61529153,21.59828807,31.04642837,952.1913329,Rainy
21.67648554,40.16069688,17.61874733,980.1046078,Rainy
16.7887342,76.91574307,42.07237765,1000.263124,Sunny
-5.485511497,24.46839064,23.56435837,955.6176077,Rainy
31.76512478,83.61703217,48.9552469,999.1095729,Rainy
6.039003249,84.89207602,31.70710691,1042.711063,Rainy
-0.67407448,55.67209604,6.313237078,960.5393218,Rainy
-7.961242922,10.57472845,33.8088781,1026.444073,Rainy
19.54464716,35.83343199,16.25520077,990.9671053,Rainy
23.87821809,65.52342265,34.31635983,1015.517371,Sunny
-9.170608554,98.30675602,3.482057408,976.0236598,Rainy
15.60465291,66.86321743,8.744071859,965.9492263,Rainy
1.32478876,33.3823223,42.78686295,966.0462614,Cloudy
22.25863952,67.06051328,11.35897785,957.0491946,Sunny
-1.28167855,58.59868417,41.85205626,968.5646705,Sunny
24.54688691,80.18608556,13.96380442,1016.421938,Sunny
9.336767315,19.62825749,32.1440955,1038.169061,Sunny
36.83649944,78.49251123,34.70752868,1031.412569,Rainy
-3.123952793,58.71399208,25.63273766,1018.513431,Rainy
7.053317553,96.66928035,15.26553383,961.0431863,Cloudy
-4.326323938,40.76849494,10.63221882,978.9187446,Cloudy
36.23468091,66.93597038,1.659467728,980.9806875,Sunny
33.86696767,93.8825295,15.19732006,974.9956946,Cloudy
2.897081386,19.22587552,32.65813953,1001.500566,Cloudy
22.9992023,94.35056385,46.91524092,1003.555381,Sunny
30.86111001,71.90971501,43.56022411,985.6885975,Sunny
17.76004058,16.10533532,38.30323883,985.3789159,Cloudy
16.48252892,37.08672103,39.42236716,1032.85556,Rainy
2.092614545,73.73548798,33.24924517,1028.929285,Cloudy
-5.34486161,16.06155413,13.01434288,980.7795832,Cloudy
34.8607879,62.39534142,45.35975154,1041.378844,Rainy
35.02090286,41.12947513,33.5366156,1045.281502,Rainy
21.65507286,65.8823966,28.02203155,982.6742542,Sunny
6.951489552,14.11678304,5.549473461,985.4424949,Sunny
7.460478731,88.43831255,22.35277719,1000.563415,Cloudy
26.29778394,97.61400723,23.01791356,1044.112081,Rainy
34.855513,97.19900698,43.22818048,1037.631943,Sunny
34.35432121,77.46866486,27.33241101,960.2567963,Cloudy
28.99377729,21.70776161,19.02002745,989.2730743,Rainy
22.10158231,78.24368763,48.84001643,1005.337119,Cloudy
-5.79300175,12.21282248,5.536029666,1000.313247,Sunny
-1.918564295,11.99111964,21.12742142,969.3863068,Sunny
34.92770943,39.12491972,2.101233759,1035.881677,Rainy
20.32145298,53.97788714,36.99520604,1017.694078,Cloudy
-9.540147419,79.3366676,45.90382761,1033.790837,Rainy
-4.926422857,71.49658389,14.00186648,1035.876428,Sunny
23.17508846,50.13124357,42.91708384,1024.835585,Sunny
-9.746920808,34.62639997,14.61091152,993.9210601,Cloudy
-1.959597429,99.74120501,45.53850808,1011.054676,Cloudy
17.43668947,48.3563172,37.69809518,966.0365406,Cloudy
24.59475988,50.62483219,40.24533884,1017.364542,Rainy
22.59806298,24.72614391,0.90032778,967.9253256,Cloudy
1.213465473,81.53285939,48.14051785,1019.394959,Cloudy
25.60896107,72.43140032,36.3335496,972.9598161,Sunny
1.862454375,29.86926515,15.23755477,961.75513,Sunny
6.269984908,17.41429411,41.46973324,966.528449,Cloudy
27.32457026,71.24493719,14.07605992,950.1992135,Cloudy
22.48164495,68.90600929,43.63769198,1021.873962,Sunny
32.46117052,34.59335743,5.629019521,1023.240105,Cloudy
22.88064462,95.5777206,35.18429887,1001.493335,Rainy
18.41543017,23.59521026,27.03492383,966.1362801,Rainy
-5.316261609,48.91013209,4.82672351,958.3554338,Rainy
8.385790153,94.92543282,12.09469141,951.9128966,Cloudy
3.260118384,47.77545852,0.620201814,966.5748177,Sunny
2.199482169,67.46733529,23.43839827,1039.085553,Cloudy
38.65052774,45.78349582,15.06326304,974.1536842,Cloudy
9.654886233,34.67936821,29.91787421,985.4271327,Sunny
34.60232776,98.55798832,14.86189039,960.5345484,Sunny
21.5569313,46.84006057,14.99595558,972.2361305,Sunny
29.74056518,90.46892833,37.15965994,1001.922457,Rainy
15.13185466,30.69591453,2.407141799,1010.775268,Cloudy
18.84519423,29.17942336,45.14474976,974.5352314,Sunny
14.62588469,12.80206746,42.61319372,955.7732159,Cloudy
-0.23785061,68.65001428,33.39023416,989.1032869,Rainy
26.12260576,43.16737094,29.66107851,973.4203371,Rainy
4.038618122,87.79224249,44.61512491,971.9553923,Sunny
-8.784201678,52.5888916,9.266508976,1045.98628,Sunny
22.2736148,97.13740851,3.94845811,1011.630049,Cloudy
-1.14446603,26.69729641,11.9755085,1005.687844,Sunny
37.02292922,88.17608512,39.72891394,991.5775104,Cloudy
37.69642885,79.89371675,1.733513336,992.8944333,Sunny
35.74321951,79.38296602,29.14034175,1004.0905,Cloudy
8.507935013,86.03049053,49.77187581,1019.642981,Cloudy
-9.227169174,78.49215918,42.78480469,1020.21461,Cloudy
36.41592813,66.35982895,26.07228445,967.1693908,Cloudy
11.40920742,21.81203899,3.182045464,1000.011275,Rainy
38.33274095,12.92735615,41.56867572,991.1958095,Cloudy
38.18099885,92.8763063,29.94892541,1037.052697,Sunny
32.65047277,65.49852831,5.746649853,1013.141892,Rainy
4.722444603,81.68835619,4.692864241,1003.250407,Rainy
9.25488643,53.33701164,45.48134097,961.5394642,Cloudy
32.55683358,20.55773701,33.46001315,1010.563789,Rainy
5.846100258,21.2667213,41.46433997,961.7203906,Cloudy
-1.525362666,71.70087585,43.94894501,983.7206576,Sunny
17.84006312,48.72753054,28.5886176,964.2841965,Cloudy
36.80773871,28.0472254,25.87231759,1019.207365,Rainy
24.80148983,54.24350921,21.52137052,970.6252114,Sunny
18.5030585,15.77880434,15.84732939,989.1859373,Cloudy
-5.141175311,62.37742617,21.72979804,1039.567478,Sunny
20.75036133,34.2094064,38.69398279,970.4316383,Sunny
39.50269251,81.78031906,30.09617155,1000.780506,Rainy
-2.995799238,37.9325763,44.6261645,991.9271661,Sunny
15.91648262,50.96981342,22.16900072,951.8124041,Rainy
33.8686536,11.04584859,30.35447894,1029.275811,Sunny
27.03843089,16.5202199,31.56537765,956.9045906,Cloudy
24.85078705,45.32442008,29.58485812,997.4255021,Sunny
25.1242042,53.19449512,35.13168865,1006.067829,Cloudy
7.974557561,64.00184933,11.87167342,1012.842646,Cloudy
4.679592213,36.24963208,25.61818888,1018.863163,Sunny
30.46805777,72.54836975,5.21124014,975.3272384,Cloudy
30.50566973,87.41101575,19.22556638,950.9978777,Sunny
33.35361593,80.186589,24.38335343,1022.344366,Sunny
35.66202763,13.56569428,32.61121298,1003.56566,Cloudy
15.56711994,53.24562525,47.52655263,1033.61177,Cloudy
15.07581473,19.44371606,30.03255333,1032.138836,Rainy
29.91475895,31.78405143,37.17969581,1034.332617,Cloudy
22.49819654,98.79963339,25.31330297,998.509466,Rainy
25.09834386,22.82459886,31.70520157,983.3628396,Cloudy
29.78963347,54.89993381,3.546610807,1029.15582,Sunny
34.50026709,65.63401609,12.71957904,995.1294113,Cloudy
6.899757843,73.22184735,18.09265466,968.3442196,Sunny
8.779147632,60.36838151,23.62466775,1035.497402,Sunny
-5.300903008,10.87937627,2.282437275,1038.255988,Sunny
18.91400705,39.38151774,7.001204878,996.6309756,Rainy
-8.20288631,56.5940479,13.84071539,957.5699727,Cloudy
13.27990091,17.90798492,48.57663455,988.782609,Sunny
17.13223174,41.55642381,16.56735036,1030.353766,Sunny
4.327062606,12.98827979,24.10205291,1040.177403,Rainy
19.54166303,17.07206474,9.804885637,970.3472742,Cloudy
-8.474987503,45.72309486,30.53900355,956.6973612,Cloudy
-8.132590563,21.94441786,14.03416078,1037.735045,Rainy
31.13002803,61.07867634,10.34962892,988.9404939,Rainy
8.009532071,72.05184722,25.82863142,1004.176096,Cloudy
-3.646974367,82.05280292,0.275289958,1046.806581,Rainy
16.112163,28.01352198,0.383201632,956.6564728,Cloudy
28.49967765,25.0734324,10.95344046,1014.831801,Cloudy
0.791051375,19.41110563,1.836068125,957.4105423,Sunny
21.14452379,67.27872246,5.401287707,987.5468928,Sunny
-5.73262675,73.58281538,16.94303247,1030.381455,Cloudy
-7.415913942,12.84275303,40.12928398,993.3472233,Cloudy
16.56773158,94.25910216,28.60243217,1049.718235,Cloudy
17.03175608,14.67741553,25.6333863,1005.905928,Cloudy
21.87149507,58.71667018,14.67444116,982.1162153,Cloudy
26.30456669,73.81544675,46.58768597,972.0111326,Cloudy
38.79260397,88.38722114,19.85075206,985.0520534,Rainy
15.81501742,74.26782389,4.35463834,987.2533274,Cloudy
6.147823647,82.15552748,30.85332581,956.8713678,Rainy
29.75930974,40.55051733,5.691919674,986.9574199,Rainy
3.541612563,83.33426024,17.26115714,996.423852,Cloudy
11.94857104,17.21033617,25.37059694,1022.273775,Cloudy
-6.077180933,90.53349905,43.71112623,1015.672948,Rainy
-8.732462829,59.28331385,24.67732902,1020.876566,Rainy
38.13242073,83.5567993,35.1129383,950.8363682,Cloudy
31.79900603,50.70864561,49.64084195,971.76674,Cloudy
24.7987103,67.92199257,6.574455995,1016.168429,Rainy
10.44764722,57.37623948,13.73657628,998.3989368,Rainy
-1.335283996,75.84305696,19.72880378,950.5313476,Rainy
-2.178147866,17.34669838,21.09140893,1030.449464,Sunny
2.512144908,15.43168756,20.55105376,1027.280957,Rainy
17.46133324,32.23929106,45.38055013,1004.841916,Sunny
25.72979614,24.35902121,35.70163222,956.6463326,Cloudy
23.00986884,88.46052099,30.3952607,1026.651505,Cloudy
3.996694847,29.72925886,15.46863589,1008.371359,Rainy
37.74326403,97.82787302,41.18951921,1028.195998,Cloudy
26.89484583,40.32062126,47.75302557,1025.174699,Cloudy
17.71770263,26.39061241,41.05991413,1030.300207,Cloudy
20.58603731,81.07286564,0.07825526,1001.800807,Cloudy
10.98000312,69.2836998,31.82006851,964.0324518,Sunny
2.386549475,54.83761448,2.556769072,1017.115747,Sunny
7.798633933,59.98271958,12.88036102,1012.047379,Rainy
27.89230552,74.72816004,2.976235017,1024.225319,Rainy
-9.280325569,30.56092672,30.18977265,966.9881006,Rainy
-4.196367975,99.67005245,34.32949567,969.49752,Cloudy
-7.699867899,97.73138459,5.724381903,1039.040952,Cloudy
-7.963559884,68.52931177,19.19194415,1024.99778,Sunny
32.7730292,27.95882058,22.81182545,1040.822849,Sunny
25.18289297,71.22054182,18.45265109,1025.871532,Rainy
13.70869145,16.49785681,6.051250024,1009.715531,Sunny
-5.108291967,12.7587252,20.94738951,1015.413274,Sunny
14.58079376,33.19145997,37.55890239,1038.912792,Sunny
13.67358854,51.63606611,3.550383227,1007.880675,Sunny
-1.339906504,88.14452549,4.009000704,1013.239132,Sunny
11.69258246,75.44521628,17.73856459,965.6476716,Rainy
9.92523672,76.84358691,47.08628558,997.392122,Rainy
20.7925049,48.2944001,33.42863234,1021.639711,Sunny
21.75468254,41.13414933,33.93349783,977.0942698,Rainy
-7.734799511,43.39348867,18.09599954,970.2254181,Cloudy
8.730630731,98.88846074,29.68303956,981.3826808,Sunny
21.29299579,13.60982723,0.506559201,974.1500628,Cloudy
15.15681293,88.03283465,31.80480232,971.4912637,Rainy
32.82449206,62.08078677,45.66434738,992.4850843,Rainy
22.93468158,49.47538773,30.62867342,1040.783851,Cloudy
-1.853278646,75.27318944,43.68492967,1000.705965,Rainy
-6.47156263,53.80020473,36.19865277,968.7920381,Sunny
22.12096391,88.60809143,6.02792082,957.6971669,Cloudy
-8.674434473,91.06316776,45.12266536,1019.615615,Sunny
19.28877906,47.95488342,3.322192218,988.2798764,Cloudy
37.01151207,34.91450175,26.69837363,1032.183095,Rainy
18.77370889,63.31152957,7.10685619,1015.951077,Cloudy
9.40849631,92.11270111,0.585330537,1029.624145,Cloudy
22.16441092,28.95959701,21.10171301,977.1946039,Sunny
12.91264452,66.06699252,14.75203538,1019.235892,Rainy
17.28083947,66.84041981,24.30002469,976.4061985,Sunny
37.07324044,75.98017202,28.85999434,1043.906848,Rainy
9.30513189,21.84109166,2.186953615,1013.637428,Sunny
38.05952819,74.42424682,6.150164756,982.45118,Cloudy
35.2675321,91.81292686,27.93211982,976.9511862,Sunny
-0.210443261,26.1714798,17.15836766,969.0926585,Rainy
-6.531934956,31.37889924,36.45867438,1019.464096,Rainy
-4.961099931,97.42555846,32.61458243,971.8715613,Cloudy
-9.088908717,26.28792574,42.28021815,1009.530327,Rainy
-5.277851962,86.8946584,34.62464133,976.4635027,Sunny
24.15033867,54.30500708,21.49655387,1016.196894,Cloudy
-6.440567577,32.2507967,33.64833112,1031.493973,Rainy
5.948781515,88.36749111,13.76905871,1027.802524,Rainy
32.24376555,50.07747295,15.31567494,1026.085133,Sunny
-8.836403213,56.33356185,39.449258,968.7722406,Sunny
30.72342413,42.33100325,22.32097582,958.8384947,Cloudy
4.092738739,63.36557663,39.91901703,1019.894883,Rainy
-4.091758619,24.71714853,41.12111868,986.8347214,Sunny
24.83685827,45.1973383,42.87811688,993.2346226,Cloudy
21.44714234,97.24710901,45.83176179,953.1149093,Rainy
33.87360068,33.23200894,21.54926103,975.9576449,Rainy
26.75355219,69.10629981,15.94334092,953.3676404,Cloudy
30.17404652,39.26710578,29.10993733,1037.918577,Cloudy
4.101728629,79.61258131,18.55862117,974.3396683,Sunny
-1.128022811,21.77862946,30.05370834,1005.733717,Rainy
27.53073758,97.28389406,35.27929313,953.8979321,Rainy
30.34173696,50.84105872,34.42025092,1016.684739,Rainy
39.5252571,31.2445417,18.72764435,982.3027346,Cloudy
10.63088385,16.61470726,8.343010085,1039.791919,Sunny
8.60090429,25.27821146,21.52646692,1038.811819,Rainy
28.82064804,56.77965537,7.129707204,982.5290618,Cloudy
7.040177013,40.33028588,44.50485176,1040.09609,Rainy
36.53786628,84.59950293,17.29387304,1049.615767,Sunny
32.92063759,48.77987713,7.722987361,1032.541566,Rainy
11.44970137,32.38428453,1.272387995,1034.487135,Sunny
27.54355339,65.54304879,32.29111931,974.9008736,Sunny
27.7271437,73.60994952,31.84511587,1007.67024,Rainy
-4.843806558,25.03377171,17.03020833,956.7255914,Rainy
35.12764533,25.08572947,3.585594442,959.4917937,Sunny
15.26261862,13.30042842,20.48144474,1049.889261,Cloudy
31.32287331,76.27618136,15.56087475,982.6639249,Sunny
6.002480052,69.74240749,33.85603199,1024.818391,Rainy
34.77616142,52.71677882,30.28896247,1030.666505,Rainy
9.460083937,85.97534041,18.22968641,1035.802327,Cloudy
-9.458117426,82.51031377,10.89462771,1049.76283,Sunny
35.26909882,62.6818928,49.40179831,974.1496485,Sunny
-5.435666161,88.14441525,22.70008106,954.0350827,Sunny
5.96568188,28.5257089,34.41371179,991.1191518,Rainy
37.50309835,20.07276575,7.027648379,963.008067,Sunny
37.53035735,34.27746504,24.27948498,952.2425889,Cloudy
18.67189441,15.13781705,1.376835993,986.0426827,Rainy
21.59186061,57.80525752,25.2727559,1028.373825,Rainy
12.4222761,94.29451231,48.20087036,1006.618069,Sunny
4.660538585,13.54091866,19.21033565,981.2777989,Cloudy
6.433227268,20.98989226,1.949800629,1015.434201,Rainy
23.6259228,50.69791255,1.547789546,973.201818,Rainy
27.61872647,94.04875158,19.399338,951.4381446,Sunny
29.57895219,38.45404945,8.001246823,1026.435339,Sunny
29.48090714,55.65113278,1.167604816,1012.374308,Cloudy
-5.439694848,13.74155731,37.8106807,1026.230262,Sunny
14.72101524,23.35088809,22.92615044,953.8938017,Cloudy
-7.122061999,98.79671107,14.4622386,1033.711963,Rainy
17.47644412,96.86068268,45.00415915,1011.95262,Cloudy
12.07652507,10.44459828,5.80694801,1006.339535,Cloudy
34.38520914,95.66306069,47.79594145,1012.461405,Cloudy
7.545750628,67.5207944,15.69833587,1036.443325,Rainy
-4.146649179,88.11264651,44.42018362,1008.693651,Sunny
-2.850415897,50.92658701,30.14714382,1008.095038,Rainy
28.07553159,56.40364257,41.33536799,1049.067916,Sunny
20.91090317,53.99619222,49.20065816,1025.673017,Cloudy
-4.943866194,70.01778318,14.42027189,994.2293805,Cloudy
-5.794659694,22.56861293,48.05677427,1020.7397,Cloudy
25.04845657,12.69762309,19.47409475,988.9230472,Cloudy
-6.361849682,37.71369474,19.27559524,972.8875462,Cloudy
31.09300296,73.42126865,17.01935521,1009.685188,Sunny
25.31211136,28.16681069,27.07038037,1042.81821,Sunny
-5.932560968,70.608919,7.707252159,1042.913952,Cloudy
-5.758114296,97.29208415,27.68557427,984.1905278,Rainy
39.33197893,18.45106442,27.08524062,1002.767747,Rainy
8.713539788,70.53419064,38.09509063,971.1635899,Cloudy
8.532107353,49.93751974,41.6824981,1049.563111,Sunny
30.63997836,88.13280289,22.02206752,1048.111791,Rainy
37.36242887,25.94348105,15.11666247,1014.950893,Rainy
39.30005319,72.3363357,12.96674487,1030.441406,Rainy
27.66890926,85.43037607,9.731191835,1021.510016,Cloudy
8.812979277,95.01527975,2.88237911,1009.315822,Rainy
-5.824964165,71.49232255,17.12239894,955.3347997,Rainy
28.8573458,54.74572876,13.51238461,995.4764343,Rainy
17.92021249,65.60625162,48.32086929,1017.47863,Rainy
11.21110046,88.2014486,27.88544131,1017.753161,Sunny
35.31771925,61.3548772,17.36385195,987.3122618,Cloudy
-4.440125885,12.73483537,29.02338005,1044.169199,Cloudy
14.63125521,93.7853826,6.959835067,966.7357032,Sunny
-9.432317762,72.05740759,22.20218746,1000.035945,Sunny
13.4330321,70.88620472,31.31171607,1019.088398,Cloudy
-7.184836216,29.41076372,24.44489159,1019.713581,Rainy
-4.059104187,69.29969232,20.08894003,1014.863896,Rainy
-4.123687661,45.44779651,49.69241944,977.5288213,Cloudy
22.46051511,68.61096793,44.01573811,965.6206569,Rainy
27.30224396,19.59337273,31.17029791,1013.594033,Sunny
19.16843825,69.20607741,28.46886806,1009.930212,Rainy
38.10862742,99.94723532,31.03302399,967.935601,Rainy
8.743528976,14.3390835,10.06560539,1020.513915,Rainy
4.285604314,97.94567658,19.75688716,995.5171992,Cloudy
33.42995641,46.62171647,1.972976645,1016.776059,Sunny
1.179791926,88.36781053,23.77730187,1033.736708,Rainy
38.16112697,80.41469357,27.1512292,966.9728429,Cloudy
-9.392276266,61.03146349,11.38748681,951.9144868,Rainy
38.49394134,76.46042883,48.20144236,1027.910259,Sunny
-7.842004402,89.06640052,45.47273055,1010.969743,Rainy
34.55715568,46.37262895,36.10716177,1019.963957,Sunny
16.38505545,39.43298454,26.66933144,1033.815497,Rainy
39.64823981,70.0834047,43.49845798,1030.281093,Sunny
-6.310171763,82.70613477,6.532617191,1046.092015,Rainy
17.69271422,78.60566213,39.52548971,1003.593508,Sunny
38.46512678,81.8032284,6.241040698,998.8495633,Rainy
16.15489221,49.20249833,39.71053313,990.18872,Rainy
21.46993191,83.60507946,13.78837841,965.3691043,Cloudy
24.78743445,20.81881498,43.85452905,1007.260723,Cloudy
12.72705324,59.00401882,47.20210469,977.7012524,Sunny
21.377904,10.51827944,7.43979847,1042.130751,Rainy
19.2157156,39.21272469,23.13378025,1008.31908,Sunny
35.05790052,42.98153814,49.04936891,1009.284018,Cloudy
-7.727680983,45.65554224,24.1703718,985.4924661,Sunny
4.04815948,72.5920486,43.17737613,955.1989352,Sunny
37.5205742,44.97022911,29.43657611,953.1743765,Cloudy
34.51318919,50.38242604,18.7664954,992.3335144,Rainy
12.78283764,31.37897178,14.28917778,958.4565378,Sunny
21.00662989,43.59266125,10.16115455,1010.684696,Cloudy
3.869059149,30.45426645,38.08990957,1038.097301,Rainy
-0.593942014,16.58763314,19.32702534,1038.291482,Cloudy
13.18492025,64.3103734,25.56377311,1015.904541,Sunny
7.667611401,70.13915187,24.616274,971.1231831,Rainy
19.18280559,65.75413114,28.86395146,1036.299683,Rainy
-6.113268152,51.71446394,43.27885728,1038.609344,Cloudy
38.71974038,44.18072022,49.03696718,969.6653585,Cloudy
39.31053722,87.70002846,20.37921043,1023.742609,Cloudy
24.9080857,56.71736066,41.37594611,978.6519549,Rainy
16.80481832,53.12636899,38.22638973,1030.264031,Rainy
5.476380814,12.30778592,28.67644757,1049.72379,Sunny
30.68975099,40.71230449,47.80235718,953.0026005,Rainy
24.23655863,44.21760569,10.02372578,1039.736587,Sunny
-1.869153033,45.89405028,5.463210515,1012.263053,Cloudy
35.54635922,62.21551323,42.69809835,1047.338262,Cloudy
31.12686215,58.02422921,21.95749083,996.5009518,Rainy
37.48999566,64.71145835,42.34844271,1034.738793,Cloudy
26.28597542,78.83949354,44.65451026,956.2394069,Cloudy
20.6707598,83.16871648,3.122879681,983.527905,Rainy
10.91215181,74.63107686,44.17323815,956.7016538,Sunny
36.63642417,95.99713264,22.41595277,1047.534313,Rainy
33.30319448,11.64093244,25.52162445,1031.697391,Sunny
-7.739066495,27.62001871,31.32962555,1035.254742,Rainy
-8.681651275,10.68065875,46.31913034,1043.796523,Rainy
8.823168344,68.27272427,0.955804721,958.5103486,Cloudy
30.52766654,90.82274941,23.84217342,988.5597593,Rainy
39.36380647,31.91340669,34.38610212,957.1034889,Rainy
-2.479155445,93.43310903,36.13534788,971.0793102,Sunny
19.70653577,15.42406513,34.62662158,972.9365777,Cloudy
9.044542832,94.09924241,6.72175647,996.9107211,Sunny
38.49571989,41.64604185,14.96977942,976.8562167,Sunny
32.10594616,19.12787456,17.93577627,960.0978107,Cloudy
31.91643524,53.72845833,40.22186038,966.7491089,Cloudy
13.43465799,33.10989109,13.93799362,964.7275564,Cloudy
10.74097512,35.63856118,10.53524819,1047.30768,Rainy
3.670353597,37.65609684,47.87240095,1025.929251,Cloudy
-7.181225167,82.2723308,0.443164256,1046.776147,Cloudy
33.23611881,58.5245149,49.89104278,993.9740487,Cloudy
30.64505046,38.01769292,33.84106494,977.8368482,Sunny
39.98588366,64.9300405,41.42346497,1029.82932,Sunny
39.83184185,74.45356068,14.73096982,982.6253918,Rainy
17.77158528,34.53616007,0.715763883,979.9383374,Sunny
28.44937076,47.21941914,36.89347593,973.2505992,Rainy
37.23828649,20.9697484,41.70722985,962.9678978,Sunny
32.48236953,26.30344146,37.0238066,975.6463061,Cloudy
2.367405087,71.30060686,7.142514365,985.5319748,Sunny
12.52720677,26.32945129,37.67139611,1017.399421,Rainy
-3.542029242,57.26470453,38.44613911,956.2564842,Sunny
37.70255136,73.81416356,32.92702578,971.050694,Cloudy
20.30873172,19.61892308,38.30579664,1030.902364,Rainy
1.432140275,61.05809977,42.29607198,964.6921924,Cloudy
23.58503422,33.09065053,30.68020571,984.2645147,Cloudy
20.90641202,96.66341877,4.430235698,1036.465892,Rainy
7.908135902,53.5191082,24.38139048,965.4925311,Cloudy
-4.32212039,82.53932948,3.882466734,958.2736836,Cloudy
23.57865978,59.52038879,20.37715155,998.4537995,Sunny
16.01538505,13.90712796,20.35532446,980.2419511,Cloudy
28.61591959,66.9836238,3.300492207,1006.340836,Cloudy
16.00817506,95.6263008,17.4410267,1030.380489,Cloudy
32.60907502,64.14506381,5.54990494,963.7148488,Cloudy
17.59534194,83.72699735,40.4117605,1008.069908,Rainy
18.04689858,89.5785817,47.3844013,1000.550876,Sunny
33.83268013,30.52717948,3.615823763,964.4078786,Cloudy
10.17414331,29.08403559,47.75576036,1012.399849,Cloudy
-3.299238577,64.988289,26.12882997,977.3640418,Rainy
-8.560866184,46.99256228,14.9782839,998.7834319,Cloudy
27.75686278,85.58751726,3.843103764,958.2272324,Rainy
21.01547757,91.00208111,25.0312134,995.9584057,Sunny
25.2039884,41.80792414,39.72577722,980.6463468,Sunny
0.648208075,31.31835031,35.35432386,1032.238121,Cloudy
-3.181426221,80.24729637,2.511300573,955.6978727,Cloudy
-9.272766717,34.7325432,3.645091768,991.8607275,Cloudy
7.52937794,84.03528867,20.14366413,995.8431424,Rainy
19.49588434,48.13644283,14.7645247,1022.500608,Cloudy
9.612202255,70.07949094,11.61921615,1007.428758,Cloudy
11.8737461,18.59817825,14.05022495,1016.721234,Sunny
35.20793472,66.14733922,40.17413716,1027.704929,Cloudy
7.412773351,50.65909109,46.46140268,1036.220297,Sunny
15.69947446,62.79476169,20.25513473,981.3875497,Cloudy
29.18265064,25.1212787,45.30555011,1003.802271,Sunny
9.827139116,76.31863704,16.07478506,1034.010808,Cloudy
21.10433501,87.65173698,23.82184932,1048.945113,Sunny
33.11818544,29.50658201,11.30144989,1038.951931,Rainy
37.47603118,18.61431,32.02380211,987.1467263,Sunny
-2.646325954,12.12747274,48.94905576,969.5166517,Sunny
36.32938126,67.77743504,30.1746548,998.9392537,Sunny
14.60581465,64.63846325,17.89070421,1024.164145,Cloudy
2.912219415,59.20276714,32.3908723,999.2569071,Cloudy
12.95678781,30.87523865,6.146033923,998.3180863,Cloudy
39.00162876,45.18153963,44.43295401,1033.823042,Rainy
14.6309047,63.50287017,25.15419754,986.1403779,Rainy
6.437580514,54.7090173,22.4674871,1035.979467,Sunny
21.67004272,98.90069682,29.29323942,990.6804801,Rainy
2.007280939,22.27957773,31.23919314,982.8233106,Sunny
-6.206833595,72.56300986,3.588790311,995.3989911,Sunny
-3.556013904,46.38868913,34.13086106,1026.244696,Sunny
-3.597708052,48.53796534,12.09658402,962.6002028,Rainy
-2.404865324,74.58379891,35.69763163,969.6419216,Cloudy
-3.058641368,72.31925362,41.12673972,1045.144483,Rainy
22.04373724,99.21303943,40.19792538,967.5491627,Sunny
-0.90599578,21.55548605,27.62504837,1006.772732,Sunny
7.283364166,19.36986844,26.00849462,1007.931447,Rainy
34.8394205,75.19049354,7.143798067,998.9624462,Sunny
13.69808201,62.05482253,38.76730752,1014.474525,Sunny
23.37788693,34.67445999,13.57046902,972.9826726,Rainy
-1.38400644,17.14774321,24.83477114,1005.266227,Rainy
-0.38554906,17.70924246,14.21370465,987.2173255,Rainy
-7.956569187,90.47717872,6.69141815,1016.166726,Sunny
-1.553246846,27.26805922,31.47788484,964.1223543,Sunny
3.929516952,39.10344059,2.716601741,1007.087742,Cloudy
-1.149475786,30.3990762,37.43226171,968.5270355,Cloudy
-5.564873312,41.94966752,15.87933976,977.8643063,Rainy
-3.968206445,16.24814585,0.00673465,971.87098,Cloudy
13.0389384,56.71538118,25.55645696,968.283778,Sunny
0.31668592,16.08513072,2.342595426,1032.571095,Cloudy
8.213493052,82.0320857,13.80847789,978.5707568,Sunny
15.17086354,31.03408737,35.34882437,1042.712378,Rainy
24.51974143,58.60107231,3.134481081,1046.992653,Rainy
-8.034393008,89.20711788,41.96692462,1007.126047,Sunny
29.97051995,68.57896321,0.190996133,964.3001123,Cloudy
21.39501947,57.96620079,12.34119346,987.4548243,Rainy
-5.912048403,39.19003778,37.04520281,1029.773226,Rainy
33.67893121,39.97017218,15.81350749,986.7390729,Cloudy
36.04362003,70.25382597,5.094619403,958.7017218,Cloudy
-6.946102007,99.47254251,18.01169594,1005.678491,Sunny
3.843882407,69.56552709,13.51966432,1034.512085,Cloudy
30.31006399,60.20050756,42.13559511,1029.592639,Cloudy
27.41298452,75.75854592,15.66739588,967.512314,Cloudy
-0.773949032,51.86850511,39.44662359,1017.276461,Sunny
0.467466167,15.41281083,44.59360724,972.0504263,Sunny
8.52360514,60.60671343,21.69087098,971.8207535,Rainy
14.22614926,96.18627561,45.49715719,1037.407177,Sunny
20.91273858,25.77726481,18.8659027,974.9668953,Rainy
8.445681978,72.10044017,48.20392082,976.3247347,Cloudy
13.12673581,28.08403198,4.464476226,950.0653391,Rainy
27.37354691,58.2244916,34.35096333,1037.066903,Rainy
-8.165839855,18.70088047,24.69070202,1029.259481,Cloudy
2.621847217,50.53338426,19.38244027,1012.732894,Rainy
25.66747929,78.0546996,31.63559394,1025.026576,Sunny
34.76034188,41.28143718,35.19285458,965.2048567,Sunny
15.58387211,69.8420552,0.218163483,995.8323595,Sunny
16.60567426,81.59049647,8.347654437,985.1219387,Sunny
-4.641399433,93.44600375,35.65230253,959.3776526,Rainy
12.37061834,31.11778737,33.31927068,998.6130485,Rainy
16.63086332,45.93843242,48.30237526,1042.073965,Cloudy
2.123525182,23.7174412,38.05188951,954.0059119,Rainy
3.462161547,99.32351519,47.53863539,979.1460913,Rainy
8.864208155,93.43008711,35.12702508,970.7540936,Rainy
-8.996440111,58.59614173,14.90261043,973.8146654,Cloudy
6.103958279,85.78299649,5.268246113,1040.843455,Sunny
0.57240035,56.88621795,39.09119317,996.8069054,Rainy
6.374867609,66.12271192,32.20746107,996.6299413,Cloudy
-4.011893409,18.02119889,2.40930062,1026.057564,Cloudy
34.52636404,77.97433784,18.0025233,965.4492204,Cloudy
19.67962268,21.49421353,47.83999077,998.7265354,Sunny
23.95511596,84.34608672,25.02005729,992.9985214,Rainy
29.45856193,80.38252789,21.6364568,1009.691069,Cloudy
14.92210995,73.7870228,22.88498026,1049.95577,Sunny
-5.653985596,13.25443425,10.4441362,1026.944889,Cloudy
16.85532709,37.28155204,18.43535854,989.7865703,Cloudy
19.3420559,33.68013129,18.4906628,1032.755305,Cloudy
27.27197371,42.41227667,2.617751009,967.0708363,Cloudy
11.58297731,17.88784721,38.37838143,953.0463686,Cloudy
-3.62098486,94.32620407,20.8252216,970.4448372,Sunny
4.18879529,59.84220166,41.10899434,984.0411556,Rainy
8.15411482,37.49718796,42.51740006,1001.058076,Rainy
22.29586207,45.72833654,10.59970273,1011.512914,Rainy
18.53891523,50.24822865,32.86767411,1041.060572,Rainy
7.804836295,64.05349,23.61409021,1000.985401,Sunny
39.32576244,56.41114849,44.0078369,1000.127564,Sunny
20.28874097,92.74527759,10.78703396,955.024301,Sunny
1.861339587,54.72671346,33.89066002,953.4911553,Cloudy
-4.910876369,99.29422133,30.38760611,1005.115996,Cloudy
-2.357043041,86.6282462,14.76507388,993.8178613,Cloudy
2.297886419,28.76594629,6.830045183,1033.918039,Rainy
-1.965931337,93.75356932,32.58198802,966.0679585,Cloudy
-0.671648797,20.47297581,36.92987291,952.4971662,Rainy
4.254758435,83.57047376,15.78136719,994.9038768,Cloudy
-1.331320235,44.25609641,32.2416302,973.7478557,Rainy
34.83827123,89.01768884,19.75654538,954.9614373,Cloudy
-5.988312717,88.12510211,35.66034416,1022.459829,Cloudy
16.22556948,82.53328601,9.960763745,961.1593,Sunny
10.51984135,81.10273927,44.51075013,1010.83195,Cloudy
39.11893085,37.42112252,14.37047982,978.104975,Cloudy
-4.398054892,17.28273547,18.38929939,967.349605,Sunny
9.892779952,46.26821609,2.904597604,987.9751523,Rainy
38.47352166,25.61720635,5.575610616,1030.144578,Sunny
33.27535629,72.545598,25.79309514,989.2093577,Sunny
30.85360355,41.14897539,13.37963384,1025.076965,Rainy
2.895141352,97.80491808,41.77401129,962.5486297,Cloudy
-1.45562063,67.68748696,0.734669433,1027.277142,Rainy
23.432161,84.02325073,18.95470243,973.6933325,Cloudy
36.46879946,21.92722055,16.86727734,1017.739313,Cloudy
17.83814465,87.5813034,0.966381546,1006.578155,Rainy
18.58063447,93.04814715,6.21841995,1042.914472,Sunny
3.998954683,53.83557269,20.68213375,988.7322518,Rainy
28.47464666,64.5627644,24.64322922,956.6165189,Cloudy
-0.647812572,78.83288208,20.21448736,951.9155486,Rainy
6.18396182,25.73547645,26.54688392,1032.685856,Rainy
11.27182193,55.23094688,29.75658375,1002.473564,Cloudy
15.38051893,45.8796725,0.496191056,1027.524405,Sunny
2.120486621,23.17365929,23.20475797,973.44256,Rainy
-4.258158763,43.07809801,48.17496204,984.5083746,Cloudy
20.53100212,16.13550784,25.95161401,953.0103872,Cloudy
4.431527662,12.32307163,33.87711337,1046.149232,Rainy
19.06191107,22.16496602,15.5931929,1016.786791,Sunny
-2.281864236,96.68036004,38.69956891,1043.320509,Rainy
14.05700509,59.45765823,38.64607409,976.5496407,Sunny
16.62947163,96.9239945,26.06480238,1011.146361,Sunny
-7.408823159,48.92480905,48.80069116,1017.849997,Sunny
6.83021391,38.06345198,6.277510738,981.75497,Sunny
-3.279266153,55.55276766,0.847383244,1034.810924,Rainy
-6.831251476,49.55605198,38.50791059,1044.716146,Cloudy
39.49801162,19.50982158,40.35777687,1038.485512,Cloudy
6.117692249,67.67436832,6.010361456,1023.906698,Cloudy
30.49372229,29.44343643,13.27914165,977.746468,Cloudy
2.732032738,65.76291594,0.877618168,978.1616042,Cloudy
24.07513611,68.51809832,14.66543054,1046.336032,Cloudy
28.01139299,23.68223678,38.6570937,951.0284496,Rainy
19.78193703,15.52146644,25.89802639,1021.604997,Sunny
13.57880943,80.26854275,17.40477966,1020.624616,Cloudy
10.59204571,51.38203814,18.58696475,1012.268954,Rainy
7.443413327,15.2347416,0.067681286,1049.010885,Cloudy
36.47645721,99.53796855,14.99002638,981.1879436,Cloudy
31.53097039,15.20025049,32.32293708,983.9971864,Sunny
38.25134553,72.5531706,48.70972219,957.8939403,Sunny
-3.785138826,98.53110327,42.35304135,994.2798137,Sunny
26.54337376,31.52620938,1.179748232,976.1048526,Cloudy
36.91702284,22.80244318,44.92803023,984.3386702,Cloudy
-0.938346692,20.92464455,39.15992066,1033.457179,Cloudy
-6.675186632,37.29476328,39.01880618,1043.548451,Sunny
27.05603246,19.09412299,22.89978795,968.5733072,Rainy
18.72365566,72.29452075,19.90026465,987.2508932,Cloudy
32.09143884,15.60626183,15.14578644,1042.863056,Cloudy
-3.011381169,55.84799153,3.284742948,956.1808461,Cloudy
29.76336559,99.70271685,11.41176817,959.2360528,Rainy
0.081366002,83.25732426,12.33018175,966.2790989,Cloudy
-1.817202857,65.36974944,24.20385349,1009.521283,Rainy
-1.786710103,37.56282587,37.37222033,965.0472271,Cloudy
30.72873601,66.15062527,23.69049142,1046.807638,Rainy
23.25986103,57.43373175,2.892222472,994.6714527,Cloudy
16.15327124,48.34750455,47.88949005,1000.151796,Sunny
7.941524206,21.76393391,47.13621595,974.6658616,Sunny
33.86002704,89.79437937,39.25947716,997.0960252,Sunny
9.622255371,50.48061839,49.56639508,1016.191363,Sunny
30.82997197,27.51602606,27.22411664,1025.117714,Cloudy
11.95674543,43.09834158,48.13841751,1025.386808,Sunny
8.847221471,47.27167773,3.780252031,1007.789111,Rainy
13.13398928,84.4784106,18.28403741,1040.435977,Sunny
5.068893708,76.02529425,11.2690634,1031.740785,Sunny
27.38046901,79.23744043,9.791654207,1025.704811,Sunny
15.1360195,10.9928138,7.040147445,955.5605522,Cloudy
1.610634757,47.45385984,31.12068208,950.6877962,Sunny
34.97872866,53.32097365,39.06609279,971.2447277,Rainy
9.194561069,11.72730491,28.91491997,1016.352359,Sunny
17.17764306,33.38318879,7.348135479,991.1197489,Sunny
35.32360555,78.42608408,40.5561885,990.2406259,Sunny
21.2118998,22.33987352,31.79773536,1038.458689,Rainy
-4.155097965,58.17791183,19.40828531,1039.556285,Sunny
36.99160618,29.36816848,33.70651478,1040.917526,Rainy
21.38540265,11.09086972,12.99524896,981.3878077,Rainy
6.745280733,31.70813118,17.25961042,1019.105581,Sunny
-3.036396367,97.82863794,45.87429216,977.1633181,Rainy
29.70125946,82.13834007,14.52522528,969.0609833,Cloudy
21.0036378,96.36189799,23.49941341,968.4632457,Sunny
16.6730546,53.90686395,44.50705687,984.2107621,Sunny
34.69462915,19.87625788,35.38606751,992.995762,Rainy
29.42986056,59.31635401,3.110161308,1033.094917,Rainy
-2.416256013,50.89396011,7.365152214,961.9891093,Sunny
5.58610339,85.99213745,0.392079539,1023.492585,Cloudy
2.424456991,18.82743227,31.54608951,1003.145491,Rainy
27.19731463,53.94170233,22.38367127,978.7945343,Rainy
-8.323378263,23.50437982,6.713742545,999.2819585,Cloudy
18.49448424,39.22083342,47.89670605,979.994207,Cloudy
28.12293429,76.36213696,26.4829862,1009.608196,Sunny
33.83828184,52.84163164,12.09466471,993.3843923,Cloudy
7.104087436,43.82994566,25.03017856,966.4405529,Sunny
31.06286523,45.50286507,33.98101664,961.6583075,Cloudy
-4.468413152,51.35020916,3.811960899,1004.669568,Rainy
32.32261459,80.65148895,13.73519075,1040.241303,Sunny
-3.625566883,90.287622,40.34827454,984.3957687,Sunny
9.864364528,95.98012179,22.98324352,1023.300011,Sunny
29.86476829,80.82130476,27.3288571,1015.866135,Cloudy
-2.504128633,38.38662062,21.64080011,1043.155491,Rainy
1.462569762,71.93212355,2.194997132,1032.098102,Sunny
26.11262842,49.38428116,8.287488991,1006.660526,Sunny
26.00182683,32.92035598,22.27708194,1015.70305,Sunny
22.05738164,85.67844215,10.45927327,1039.838647,Sunny
24.69742222,13.45837141,2.498951433,989.9518785,Rainy
17.13622217,91.15857929,42.1824832,982.6794706,Cloudy
2.589952945,51.53297182,49.05962646,951.0811084,Rainy
7.284799675,67.34813291,39.6571437,1032.655107,Sunny
-0.92011416,69.341853,42.68924609,1030.09807,Rainy
35.42252807,90.56059666,12.09885652,960.4454518,Sunny
19.16958974,67.3002714,48.03134878,1007.685738,Cloudy
10.04257084,65.25402263,9.846285223,996.3981698,Cloudy
13.10029018,15.99868365,47.57149052,961.8709096,Cloudy
37.36416698,56.65672198,49.7409647,1048.056823,Sunny
-2.332429844,23.51521007,35.58614029,971.4695887,Rainy
19.3114916,76.36903918,49.05718659,956.723418,Cloudy
15.29443394,56.09997287,28.47698898,1009.484738,Sunny
20.57271177,71.22050013,12.97708916,1023.886668,Sunny
-9.094490809,13.75056105,21.84979428,953.2443446,Rainy
33.60619545,17.63128144,29.67804677,1015.871764,Cloudy
36.60591412,74.46910493,3.654078101,1003.229188,Sunny
18.25665918,16.48759024,31.11716323,960.3265009,Rainy
24.83254119,16.4131055,49.05889184,967.2523877,Cloudy
36.12496906,11.08976277,9.505382489,1006.79743,Rainy
25.36193172,96.08512585,39.62975581,979.6357614,Rainy
-2.373047854,76.37575235,45.39493969,1043.831573,Sunny
18.81441801,41.79262677,47.18507964,1031.874023,Sunny
20.33575232,36.68820232,48.00678022,1048.356721,Sunny
11.20653357,41.47329068,26.07298194,975.9670839,Rainy
26.82221178,79.71881781,48.8653954,1046.972363,Sunny
36.71835074,69.523355,37.86551036,993.123387,Rainy
36.27842565,26.66760111,8.083571812,984.7518795,Rainy
12.54196857,25.66984018,23.84500532,955.0349527,Sunny
-4.338097708,18.85560847,35.91655877,955.2765258,Cloudy
39.24205995,69.42724477,12.36701579,1019.201126,Cloudy
31.94490432,78.7935396,32.03075918,995.7928994,Cloudy
-3.76686594,33.85417855,33.33002395,972.6521626,Rainy
36.04209413,11.88504649,8.13498719,1011.397031,Rainy
33.4948181,17.39545007,28.25426562,975.2858118,Rainy
15.94190286,97.10740314,38.58134555,1007.763175,Sunny
19.56377179,36.59002997,24.94478323,985.9208747,Rainy
9.950135194,79.23008331,0.605155839,1032.355223,Sunny
-7.261918059,66.2197212,0.451923454,1032.069616,Sunny
6.759862082,44.37456757,17.8514672,997.7350398,Cloudy
30.14267243,28.5118536,46.30970342,985.0819109,Cloudy
-9.76839885,20.92477763,11.43383898,986.2559797,Cloudy
6.674958585,65.35116712,31.71818444,1030.571453,Sunny
9.90843468,79.71704026,11.10379353,982.8179483,Sunny
16.86978015,67.95138282,16.08349948,970.9059374,Sunny
35.99278082,57.72719199,42.40210448,958.4688342,Rainy
7.317299718,13.77561011,36.44307211,996.6693121,Sunny
7.347660095,97.16398998,4.769963866,998.2132099,Cloudy
26.87506241,81.88427725,21.43510105,1034.090871,Cloudy
12.61089704,36.3539833,1.458488182,972.1238696,Sunny
1.230241147,98.19732964,24.04450733,988.0991274,Sunny
12.62197581,64.16934307,33.12170059,1030.840574,Cloudy
-2.957148981,62.41803924,5.92513118,1032.362361,Sunny
-1.180650675,77.32658615,14.44424695,988.4611076,Cloudy
14.91838864,83.05928093,19.89183128,995.9124023,Rainy
10.94627248,69.08307466,45.97655123,980.3285891,Cloudy
35.74229505,21.52861717,49.66275077,1043.255488,Rainy
8.119694956,40.44407554,2.24556495,961.8643766,Sunny
19.02941751,93.52752763,38.05039617,1043.374942,Sunny
21.6132144,30.21540507,18.58620332,1018.386645,Rainy
-9.345277171,43.49503215,19.62290931,1003.157215,Sunny
23.1768686,48.88691946,37.71324867,953.2659061,Rainy
-1.098201657,49.54644907,45.92132161,997.5596192,Sunny
38.05351587,65.16456242,47.54642973,990.7748105,Cloudy
-2.566863612,94.8768254,28.8561293,966.1218812,Sunny
10.73120619,31.66234406,17.85605797,1015.64096,Cloudy
-5.732516596,20.93512387,39.37745429,1047.115091,Cloudy
39.84371259,27.77234409,12.55006916,1006.218881,Rainy
15.10975052,89.82324102,28.20370144,1021.475328,Sunny
19.76925087,68.12297314,17.92892308,956.8450453,Rainy
-6.646176131,35.73161103,32.83155369,991.7666996,Sunny
27.49802352,83.43522451,12.01994564,961.6358485,Cloudy
0.495279655,87.52329967,9.579647287,1011.279584,Cloudy
34.90271447,86.18629048,45.91195433,1043.848216,Sunny
0.256982024,92.70338803,5.090184147,1016.177773,Sunny
-0.465613967,32.70169182,25.29789539,957.6803048,Rainy
-8.172516608,77.95377359,11.04263915,985.4666205,Sunny
13.60334726,51.44855475,1.946498166,1005.066338,Sunny
18.24205666,85.77986976,1.800940915,990.3207756,Sunny
-6.714568029,75.56416094,8.761088605,1033.364401,Rainy
28.77638083,79.88027018,43.33851773,1031.4671,Sunny
12.66444174,69.05456539,14.1239372,1011.183102,Cloudy
16.21951347,25.96858925,47.52295853,987.3457945,Rainy
12.03813735,59.0524227,29.08111465,975.5336374,Rainy
10.03815304,98.62027656,21.83070949,960.5874318,Cloudy
17.98201657,94.36492598,29.00444173,985.4897683,Cloudy
-2.237987703,13.88563622,25.83491926,991.3172517,Cloudy
-0.903593475,24.83333342,37.93881269,1017.582293,Sunny
33.08928105,21.85558961,14.1248033,1015.815982,Cloudy
37.30577311,75.3381919,17.65251958,957.010814,Sunny
8.665465814,83.60067969,44.70471513,989.5259315,Rainy
3.537233657,29.21602297,47.32282566,968.1778867,Rainy
22.19997716,55.52674237,44.62791137,965.6812705,Cloudy
10.43670855,85.66327252,20.9723997,1032.730215,Sunny
-8.730682217,75.95213903,39.01827515,954.1915217,Cloudy
-2.192370132,58.80134849,23.81678667,991.9182876,Cloudy
25.79861144,63.13129214,24.87699261,966.8203656,Sunny
22.9461971,55.75244922,10.23400545,1037.933022,Cloudy
-8.645200375,36.77936062,29.55651516,1005.704051,Rainy
1.098608097,60.85197936,9.306794888,973.1380636,Cloudy
1.553739829,71.99967718,16.57823495,1000.242729,Sunny
23.59463718,88.59906243,42.75151008,1023.148636,Sunny
-9.014473112,67.26622186,10.35379046,1045.811801,Rainy
-4.794570901,78.50093833,3.557914259,972.0446004,Sunny
29.99580427,24.40644715,3.450379631,1038.618177,Sunny
-1.072766897,51.5401727,47.03922603,1043.430411,Rainy
22.63730539,10.83984578,25.3460219,1041.642054,Cloudy
1.909139052,32.20109781,20.47060359,1013.541436,Rainy
-5.027930362,75.38155436,40.54392905,1012.982065,Cloudy
2.15860955,99.26289562,41.7912964,990.3210633,Rainy
26.11334659,18.92602896,16.60955166,1025.239788,Cloudy
32.78482341,46.13448843,34.68090287,1003.129402,Rainy
31.51099323,82.00638718,38.55614079,1017.743807,Cloudy
9.859176481,28.36320712,32.73253434,992.8457904,Rainy
23.40425683,59.95764544,7.57975374,1023.149646,Cloudy
0.249214771,75.97641664,43.79415418,1032.447152,Rainy
4.657386513,65.43869052,26.95472764,964.6436257,Sunny
34.81679093,26.92222612,14.12362132,1033.292972,Cloudy
-9.349903824,41.98461118,21.26140927,1004.029653,Rainy
-5.724573457,80.5412606,1.87855452,1034.466591,Cloudy
0.394312757,59.88038627,6.393340061,993.1301706,Cloudy
-8.673389806,10.47066522,38.27733753,987.9040485,Rainy
-0.928228246,78.4891684,0.000581738,1041.506073,Cloudy
19.15207805,13.17802194,20.82829142,975.1169268,Rainy
11.07122753,77.11604045,26.12550905,1034.421233,Sunny
34.63358555,28.22325041,2.731721,998.4020573,Cloudy
30.87217809,96.22661321,48.65390815,1001.409544,Sunny
7.090867585,43.11466762,11.30626656,980.8468281,Cloudy
2.971171672,39.42384547,15.20993598,1007.30422,Cloudy
8.984620408,23.39992453,15.19712561,982.5211196,Cloudy
19.51474713,37.50437939,11.52083311,953.9269414,Rainy
3.403182041,88.89856856,0.073691104,977.1998605,Sunny
21.20744539,99.67009039,36.4672397,950.6379043,Cloudy
10.47058261,43.14785775,48.34227499,1047.835479,Rainy
17.60235904,50.37495679,11.21467416,1046.574721,Cloudy
11.80632646,74.98638444,33.15235959,989.5155297,Rainy
4.723287977,89.75762024,37.09481635,1022.837085,Cloudy
37.42266535,63.37399008,42.42126895,984.5806098,Sunny
28.18028971,45.23731284,21.13145985,1017.109316,Sunny
-2.994341212,47.13596568,15.14654528,1030.543004,Cloudy
33.42339879,72.60563318,16.2647567,1044.675624,Rainy
14.37155991,10.28964372,35.63106665,990.0212276,Cloudy
34.72761134,65.76304037,40.83897333,1028.329798,Rainy
29.9927628,41.99437094,9.080698388,976.5928451,Cloudy
11.26067522,81.47775981,18.54705041,1049.03323,Rainy
-8.876534584,18.36915758,45.09700984,952.5769599,Sunny
3.433867969,62.93820403,40.33467598,1010.352881,Cloudy
17.08171073,53.28756009,49.24292014,1015.950598,Sunny
21.67391099,67.80929733,37.71241298,1018.804556,Sunny
2.894384272,15.8368235,19.65976005,962.0387579,Cloudy
-3.032196296,62.19854087,29.5318917,1043.852978,Cloudy
31.74651184,60.53361292,33.05071271,968.1183279,Rainy
39.22010904,60.4594085,3.922790816,1012.27534,Rainy
16.28450912,64.31388999,27.22484796,972.2676079,Sunny
-1.416035708,70.88211435,35.46604142,980.7216417,Rainy
3.615366326,82.44900997,8.3660652,1004.645854,Rainy
-9.080466173,34.28386481,39.03158587,991.7193419,Cloudy
35.71494033,84.25444692,29.18863903,966.0225601,Rainy
-4.112445855,54.8430114,47.61108928,967.0936402,Sunny
18.82582378,16.93524512,2.12111491,991.8144788,Rainy
3.702761034,15.26958363,13.26630688,1025.728298,Sunny
17.70890013,40.08144868,30.07769396,1039.796465,Cloudy
22.57101942,80.64072794,14.82799561,958.4127662,Sunny
31.48709019,73.69128413,35.7212082,989.3103908,Rainy
0.321063588,80.97534682,37.95026413,960.0245564,Cloudy
-9.450208567,56.55421508,5.125798203,951.6592481,Rainy
-3.155718497,49.61790982,25.69272321,1016.171868,Cloudy
35.00093209,23.2707274,25.44452778,1010.244944,Cloudy
33.69450388,39.53734782,18.46403851,966.3019114,Rainy
19.87065511,49.06174296,46.64624313,973.3812833,Rainy
20.02584302,17.97403867,41.37531599,952.3707754,Cloudy
23.25183373,29.85507574,34.8604691,1033.494721,Cloudy
-1.231436069,63.84027647,35.71633179,1047.46906,Rainy
35.7205973,76.20968028,23.08580719,963.5459537,Sunny
10.93852624,99.85127603,46.04972605,973.1475214,Rainy
9.156926412,93.98019982,34.72977136,1036.840952,Cloudy
15.94588526,67.83086796,36.44905308,1042.64638,Rainy
-7.651701661,47.9123248,43.08454519,991.9627383,Sunny
-1.685831562,67.25596282,13.70357947,955.0622472,Rainy
26.90168082,80.70864563,40.35354519,953.9391834,Cloudy
-5.860066604,20.65025718,9.762030148,1007.394987,Rainy
20.15760547,46.89144007,17.26709761,989.2895109,Cloudy
2.267455484,85.58220571,16.78052271,952.8652428,Cloudy
9.464780702,44.54496567,48.92627342,1008.325239,Rainy
4.434686839,61.46850441,42.82686119,951.1302537,Cloudy
7.783635823,62.89924248,35.05849308,1028.737196,Cloudy
25.95229526,26.60286278,36.35283808,980.6432823,Sunny
4.856085781,42.60118975,28.10363972,954.0258003,Sunny
18.32023201,40.10601599,47.35453336,1008.835222,Sunny
13.80252011,12.35770377,24.81293764,989.7684414,Sunny
23.18355827,12.17725875,19.02588549,1047.380041,Cloudy
36.84148697,84.85273393,8.151766847,1004.419866,Rainy
26.62860486,34.5763729,39.31028261,977.5239181,Cloudy
0.74701893,56.62708896,36.7221966,1020.943886,Cloudy
-8.440843247,36.88530162,19.21775193,977.1492003,Cloudy
3.113202215,94.66113206,1.259670698,1040.424329,Rainy
19.75389654,33.3367083,41.94986639,987.4721971,Sunny
-7.428709326,48.66911315,0.570899173,1004.986856,Cloudy
14.81831236,88.54572254,35.18498898,955.0573104,Cloudy
19.84214245,85.77402101,48.51285549,992.6121238,Sunny
6.712194541,26.74912761,21.88306641,1033.236354,Cloudy
28.54561019,82.23789788,11.74867025,1030.564881,Rainy
-4.670087343,51.23681981,35.2435505,972.4318559,Cloudy
-6.243110913,53.46719849,40.8564071,972.6079071,Cloudy
26.40943781,22.01319752,27.3215158,1031.730531,Sunny
14.77456581,17.25413624,48.35176376,1043.039842,Cloudy
24.42011982,75.51453763,2.583436083,959.5360921,Cloudy
11.74136693,54.68150371,25.23977992,995.0058639,Rainy
2.320101662,49.31656324,35.92269737,983.7454279,Sunny
30.95511588,75.65574058,43.13202356,1037.068846,Sunny
29.97079395,78.89616091,8.962780595,958.3524915,Rainy
24.73482354,24.30173509,40.00017409,971.1125943,Cloudy
3.607256861,64.92026345,27.63535379,1025.246834,Sunny
19.51153334,22.1818674,19.8276841,955.1293849,Sunny
8.048694847,77.62375774,6.585751429,999.2535381,Cloudy
-5.420896334,69.12596406,43.26478795,994.2107035,Cloudy
35.86567877,96.0953159,7.863660409,983.4401179,Sunny
-3.159068454,16.20622147,15.48939296,989.4572315,Cloudy
37.51186769,15.1349249,14.5022766,1002.994059,Sunny
12.30028865,35.39683672,43.57070171,966.1367358,Cloudy
